[{"stt":"3.1.5","ten":"Đắp cát công trình, độ chặt yêu cầu K=0,95","don_vi":"100m3","khoi_luong_hd":107.0259,"don_gia_hd":27666337.0},{"stt":"3.1.6","ten":"Đắp đất công trình, độ chặt yêu cầu K=0,95","don_vi":"100m3","khoi_luong_hd":54.8552,"don_gia_hd":4458623.0},{"stt":"3.1.7","ten":"Vận chuyển đất trong phạm vi <= 500m, đất cấp II","don_vi":"100m3","khoi_luong_hd":197.5995,"don_gia_hd":1397562.0},{"stt":"3.2.1","ten":"Thi công Cống BTCT D300- chịu tải VH","don_vi":"m","khoi_luong_hd":313.9,"don_gia_hd":476742.0},{"stt":"3.2.2","ten":"Thi công Cống BTCT D600- chịu tải VH","don_vi":"m","khoi_luong_hd":2201.0,"don_gia_hd":820326.0},{"stt":"3.2.3","ten":"Thi công Cống BTCT D800-chịu tải HL93","don_vi":"m","khoi_luong_hd":17.0,"don_gia_hd":1361634.0},{"stt":"3.2.4","ten":"Thi công Cống BTCT D800- chịu tải VH","don_vi":"m","khoi_luong_hd":783.0,"don_gia_hd":1365712.0},{"stt":"3.2.5","ten":"Thi công Cống BTCT D1000-chịu tải HL93","don_vi":"m","khoi_luong_hd":14.0,"don_gia_hd":1944127.0},{"stt":"3.2.6","ten":"Thi công Cống BTCT D1000-chịu tải VH","don_vi":"m","khoi_luong_hd":609.0,"don_gia_hd":1891365.0},{"stt":"3.2.7","ten":"Thi công Cống BTCT D1250-chịu tải HL93","don_vi":"m","khoi_luong_hd":14.0,"don_gia_hd":2782561.0},{"stt":"3.2.8","ten":"Thi công Cống BTCT D1250-chịu tải VH","don_vi":"m","khoi_luong_hd":533.0,"don_gia_hd":2628418.0},{"stt":"3.2.9","ten":"Thi công Cống BTCT D1500-chịu tải HL93","don_vi":"m","khoi_luong_hd":77.0,"don_gia_hd":3571694.0},{"stt":"3.2.10","ten":"Thi công Cống BTCT D1500-chịu tải VH","don_vi":"m","khoi_luong_hd":857.0,"don_gia_hd":3413050.0},{"stt":"3.2.11","ten":"Thi công Cống BTCT BxH=2x2m HL93","don_vi":"m","khoi_luong_hd":86.0,"don_gia_hd":9286023.0},{"stt":"3.2.12","ten":"Quét nhựa bitum nóng vào thân cống","don_vi":"m2","khoi_luong_hd":37896.848,"don_gia_hd":76510.0},{"stt":"3.2.13","ten":"Cung cấp và lắp đặt gối đỡ cống D300","don_vi":"cái","khoi_luong_hd":375.0,"don_gia_hd":110031.0},{"stt":"3.2.14","ten":"Cung cấp và lắp đặt gối đỡ cống D600","don_vi":"cái","khoi_luong_hd":2641.0,"don_gia_hd":166116.0},{"stt":"3.2.15","ten":"Cung cấp và lắp đặt gối đỡ cống D800","don_vi":"cái","khoi_luong_hd":960.0,"don_gia_hd":245381.0},{"stt":"3.2.16","ten":"Cung cấp và lắp đặt gối đỡ cống D1000","don_vi":"cái","khoi_luong_hd":748.0,"don_gia_hd":317865.0},{"stt":"3.2.17","ten":"Cung cấp và lắp đặt gối đỡ cống D1250","don_vi":"cái","khoi_luong_hd":656.0,"don_gia_hd":467458.0},{"stt":"3.2.18","ten":"Cung cấp và lắp đặt gối đỡ cống D1500","don_vi":"cái","khoi_luong_hd":1117.0,"don_gia_hd":610993.0},{"stt":"3.2.19","ten":"Thi công lớp đá đệm móng, loại đá có đường kính Dmax<= 4","don_vi":"m3","khoi_luong_hd":929.3569,"don_gia_hd":893281.0},{"stt":"3.2.20","ten":"Đắp cát công trình, độ chặt yêu cầu K=0,95","don_vi":"100m3","khoi_luong_hd":5.8975,"don_gia_hd":27666337.0},{"stt":"3.2.21","ten":"Bê tông lót mác 100","don_vi":"m3","khoi_luong_hd":22.36,"don_gia_hd":1321111.0},{"stt":"3.3.1","ten":"Bê tông lót móng, chiều rộng <= 250 cm, đá 4x6, mác 100","don_vi":"m3","khoi_luong_hd":20.826,"don_gia_hd":1321111.0},{"stt":"3.3.2","ten":"Bê tông hố van, hố ga, đá 1x2, mác 250","don_vi":"m3","khoi_luong_hd":121.0867,"don_gia_hd":3673506.0},{"stt":"3.3.3","ten":"Cốt thép hố ga, đường kính cốt thép <= 10mm","don_vi":"tấn","khoi_luong_hd":22.9593,"don_gia_hd":20807177.0},{"stt":"3.3.4","ten":"Chèn vữa XM mác 75 vị trí đấu nối cống D300","don_vi":"mối nối","khoi_luong_hd":178.0,"don_gia_hd":31498.0},{"stt":"3.3.5","ten":"Song chắn rác bằng gang cầu bao gồm khung đỡ KT960x530mm tải trọng 25T","don_vi":"Cái","khoi_luong_hd":178.0,"don_gia_hd":1655082.0},{"stt":"3.3.6","ten":"Láng đáy, dày 2cm, vữa XM mác 75","don_vi":"m2","khoi_luong_hd":56.96,"don_gia_hd":55983.0},{"stt":"3.3.7","ten":"Trát tường trong, chiều dày trát 1,5cm, vữa XM mác 75","don_vi":"m2","khoi_luong_hd":500.0643,"don_gia_hd":86740.0},{"stt":"3.3.8","ten":"Quét nhựa bitum thành ngoài hố ga (2 lớp)","don_vi":"m2","khoi_luong_hd":1730.16,"don_gia_hd":76510.0},{"stt":"3.4.1","ten":"Thi công lớp đá dăm đệm móng","don_vi":"m3","khoi_luong_hd":8.192,"don_gia_hd":893281.0},{"stt":"3.4.2","ten":"Bê tông lót móng, chiều rộng <= 250 cm, đá 4x6, mác 100","don_vi":"m3","khoi_luong_hd":4.096,"don_gia_hd":1321111.0},{"stt":"3.4.3","ten":"Bê tông hố van, hố ga, đá 1x2, mác 250","don_vi":"m3","khoi_luong_hd":24.38,"don_gia_hd":3161497.0},{"stt":"3.4.4","ten":"Cốt thép hố ga, đường kính cốt thép <= 10mm","don_vi":"tấn","khoi_luong_hd":2.0808,"don_gia_hd":20807177.0},{"stt":"3.4.5","ten":"Cốt thép hố ga, đường kính cốt thép > 18mm","don_vi":"tấn","khoi_luong_hd":0.1342,"don_gia_hd":20182868.0},{"stt":"3.4.6","ten":"Sơn sắt thép bằng sơn các loại, 1 nước lót, 2 nước phủ","don_vi":"m2","khoi_luong_hd":3.4163,"don_gia_hd":78069.0},{"stt":"3.4.7","ten":"Chèn vữa vị trí nối cống D300","don_vi":"mối nối","khoi_luong_hd":16.0,"don_gia_hd":31498.0},{"stt":"3.4.8","ten":"Chèn vữa vị trí nối cống D600","don_vi":"mối nối","khoi_luong_hd":16.0,"don_gia_hd":59396.0},{"stt":"3.4.9","ten":"Bê tông tấm đan, đá 1x2, mác 250","don_vi":"m3","khoi_luong_hd":3.528,"don_gia_hd":2386057.0},{"stt":"3.4.10","ten":"Cốt thép tấm đan","don_vi":"tấn","khoi_luong_hd":0.7165,"don_gia_hd":23031837.0},{"stt":"3.4.11","ten":"Cung cấp và lắp đặt Nắp hố ga khung dương gang cầu KT890x890x70mm D650mm, tải trọng 25T","don_vi":"cái","khoi_luong_hd":16.0,"don_gia_hd":4031295.0},{"stt":"3.4.12","ten":"Quét nhựa bitum thành ngoài hố ga (2 lớp)","don_vi":"m2","khoi_luong_hd":289.408,"don_gia_hd":19920.0},{"stt":"3.5.1","ten":"Thi công lớp đá dăm đệm móng","don_vi":"m3","khoi_luong_hd":31.744,"don_gia_hd":893281.0},{"stt":"3.5.2","ten":"Bê tông lót móng, đá 4x6, mác 100","don_vi":"m3","khoi_luong_hd":15.872,"don_gia_hd":1321111.0},{"stt":"3.5.3","ten":"Bê tông hố van, hố ga, đá 1x2, mác 250","don_vi":"m3","khoi_luong_hd":93.7954,"don_gia_hd":3185675.0},{"stt":"3.5.4","ten":"Cốt thép hố ga, đường kính cốt thép <= 10mm","don_vi":"tấn","khoi_luong_hd":7.7917,"don_gia_hd":20807177.0},{"stt":"3.5.5","ten":"Cốt thép hố ga, đường kính cốt thép > 18mm","don_vi":"tấn","khoi_luong_hd":0.5202,"don_gia_hd":20182868.0},{"stt":"3.5.6","ten":"Sơn sắt thép bằng sơn các loại, 1 nước lót, 2 nước phủ","don_vi":"m2","khoi_luong_hd":13.2382,"don_gia_hd":78069.0},{"stt":"3.5.7","ten":"Chèn vữa vị trí nối cống D300","don_vi":"mối nối","khoi_luong_hd":62.0,"don_gia_hd":31498.0},{"stt":"3.5.8","ten":"Chèn vữa vị trí nối cống D600","don_vi":"mối nối","khoi_luong_hd":124.0,"don_gia_hd":59396.0},{"stt":"3.5.9","ten":"Bê tông tấm đan, đá 1x2, mác 250","don_vi":"m3","khoi_luong_hd":13.671,"don_gia_hd":2386057.0},{"stt":"3.5.10","ten":"Cốt thép tấm đan","don_vi":"tấn","khoi_luong_hd":2.7144,"don_gia_hd":23031837.0},{"stt":"3.5.11","ten":"Cung cấp và lắp đặt Nắp hố ga khung dương gang cầu KT890x890x70mm D650mm, tải trọng 25T","don_vi":"cái","khoi_luong_hd":62.0,"don_gia_hd":4031295.0},{"stt":"3.5.12","ten":"Quét nhựa bitum thành ngoài hố ga (2 lớp)","don_vi":"m2","khoi_luong_hd":1128.4,"don_gia_hd":19920.0},{"stt":"3.6.1","ten":"Thi công lớp đá dăm đệm móng","don_vi":"m3","khoi_luong_hd":1.536,"don_gia_hd":893281.0},{"stt":"3.6.2","ten":"Bê tông lót móng, đá 4x6, mác 100","don_vi":"m3","khoi_luong_hd":0.768,"don_gia_hd":1321111.0},{"stt":"3.6.3","ten":"Bê tông hố van, hố ga, đá 1x2, mác 250","don_vi":"m3","khoi_luong_hd":6.1945,"don_gia_hd":2902648.0},{"stt":"3.6.4","ten":"Cốt thép hố ga, đường kính cốt thép <= 10mm","don_vi":"tấn","khoi_luong_hd":0.5268,"don_gia_hd":20807177.0},{"stt":"3.6.5","ten":"Cốt thép hố ga, đường kính cốt thép > 18mm","don_vi":"tấn","khoi_luong_hd":0.0377,"don_gia_hd":20182868.0},{"stt":"3.6.6","ten":"Sơn sắt thép bằng sơn các loại, 1 nước lót, 2 nước phủ","don_vi":"m2","khoi_luong_hd":0.9608,"don_gia_hd":78069.0},{"stt":"3.6.7","ten":"Chèn vữa vị trí nối cống D300","don_vi":"mối nối","khoi_luong_hd":3.0,"don_gia_hd":31498.0},{"stt":"3.6.8","ten":"Chèn vữa vị trí nối cống D600","don_vi":"mối nối","khoi_luong_hd":6.0,"don_gia_hd":59396.0},{"stt":"3.6.9","ten":"Bê tông tấm đan, đá 1x2, mác 250","don_vi":"m3","khoi_luong_hd":0.6615,"don_gia_hd":2386057.0},{"stt":"3.6.10","ten":"Cốt thép tấm đan","don_vi":"tấn","khoi_luong_hd":0.1313,"don_gia_hd":23031837.0},{"stt":"3.6.11","ten":"Cung cấp và lắp đặt Nắp hố ga khung dương gang cầu KT890x890x70mm D650mm, tải trọng 25T","don_vi":"cái","khoi_luong_hd":3.0,"don_gia_hd":4031295.0},{"stt":"3.6.12","ten":"Quét nhựa bitum thành ngoài hố ga (2 lớp)","don_vi":"m2","khoi_luong_hd":71.4,"don_gia_hd":19920.0},{"stt":"3.7.1","ten":"Thi công lớp đá dăm đệm móng","don_vi":"m3","khoi_luong_hd":16.128,"don_gia_hd":893281.0},{"stt":"3.7.2","ten":"Bê tông lót móng, đá 4x6, mác 100","don_vi":"m3","khoi_luong_hd":8.064,"don_gia_hd":1321111.0},{"stt":"3.7.3","ten":"Bê tông hố van, hố ga, đá 1x2, mác 250","don_vi":"m3","khoi_luong_hd":49.7311,"don_gia_hd":3194209.0},{"stt":"3.7.4","ten":"Công tác gia công lắp dựng cốt thép. Cốt thép hố ga, đường kính cốt thép <= 10mm","don_vi":"tấn","khoi_luong_hd":4.3838,"don_gia_hd":20807177.0},{"stt":"3.7.5","ten":"Công tác gia công lắp dựng cốt thép. Cốt thép hố ga, đường kính cốt thép > 18mm","don_vi":"tấn","khoi_luong_hd":0.2934,"don_gia_hd":20182868.0},{"stt":"3.7.6","ten":"Sơn sắt thép bằng sơn các loại, 1 nước lót, 2 nước phủ","don_vi":"m2","khoi_luong_hd":7.4732,"don_gia_hd":78069.0},{"stt":"3.7.7","ten":"Chèn vữa vị trí nối cống D300","don_vi":"mối nối","khoi_luong_hd":28.0,"don_gia_hd":31498.0},{"stt":"3.7.8","ten":"Chèn vữa vị trí nối cống D800","don_vi":"mối nối","khoi_luong_hd":56.0,"don_gia_hd":81464.0},{"stt":"3.7.9","ten":"Bê tông tấm đan, đá 1x2, mác 200","don_vi":"m3","khoi_luong_hd":7.35,"don_gia_hd":2261305.0},{"stt":"3.7.10","ten":"Cốt thép tấm đan","don_vi":"tấn","khoi_luong_hd":1.4336,"don_gia_hd":23031837.0},{"stt":"3.7.11","ten":"Cung cấp và lắp đặt Nắp hố ga khung dương gang cầu KT890x890x70mm D650mm, tải trọng 25T","don_vi":"cái","khoi_luong_hd":28.0,"don_gia_hd":4031295.0},{"stt":"3.7.12","ten":"Quét nhựa bitum thành ngoài hố ga (2 lớp)","don_vi":"m2","khoi_luong_hd":621.824,"don_gia_hd":19920.0},{"stt":"3.8.1","ten":"Thi công lớp đá dăm đệm móng","don_vi":"m3","khoi_luong_hd":1.512,"don_gia_hd":893281.0},{"stt":"3.8.2","ten":"Bê tông lót móng, đá 4x6, mác 100","don_vi":"m3","khoi_luong_hd":0.756,"don_gia_hd":1321111.0},{"stt":"3.8.3","ten":"Bê tông hố van, hố ga, đá 1x2, mác 250","don_vi":"m3","khoi_luong_hd":4.3537,"don_gia_hd":3108874.0},{"stt":"3.8.4","ten":"Công tác gia công lắp dựng cốt thép. Cốt thép hố ga, đường kính cốt thép <= 10mm","don_vi":"tấn","khoi_luong_hd":0.0167,"don_gia_hd":20807177.0},{"stt":"3.8.5","ten":"Công tác gia công lắp dựng cốt thép. Cốt thép hố ga, đường kính cốt thép <= 18mm","don_vi":"tấn","khoi_luong_hd":0.6353,"don_gia_hd":20930697.0},{"stt":"3.8.6","ten":"Công tác gia công lắp dựng cốt thép. Cốt thép hố ga, đường kính cốt thép > 18mm","don_vi":"tấn","khoi_luong_hd":0.021,"don_gia_hd":20182868.0},{"stt":"3.8.7","ten":"Sơn sắt thép bằng sơn các loại, 1 nước lót, 2 nước phủ","don_vi":"m2","khoi_luong_hd":0.5338,"don_gia_hd":78069.0},{"stt":"3.8.8","ten":"Chèn vữa vị trí nối cống D300","don_vi":"mối nối","khoi_luong_hd":2.0,"don_gia_hd":31498.0},{"stt":"3.8.9","ten":"Chèn vữa vị trí nối cống D1000","don_vi":"mối nối","khoi_luong_hd":2.0,"don_gia_hd":100063.0},{"stt":"3.8.10","ten":"Bê tông tấm đan, đá 1x2, mác 250, PCB30","don_vi":"m3","khoi_luong_hd":0.765,"don_gia_hd":2201155.0},{"stt":"3.8.11","ten":"Cốt thép tấm đan","don_vi":"tấn","khoi_luong_hd":0.1392,"don_gia_hd":23031837.0},{"stt":"3.8.12","ten":"Cung cấp và lắp đặt Nắp hố ga khung dương gang cầu KT890x890x70mm D650mm, tải trọng 25T","don_vi":"cái","khoi_luong_hd":2.0,"don_gia_hd":4031295.0},{"stt":"3.8.13","ten":"Quét nhựa bitum thành ngoài hố ga (2 lớp)","don_vi":"m2","khoi_luong_hd":56.2,"don_gia_hd":19920.0},{"stt":"3.9.1","ten":"Thi công lớp đá dăm đệm móng","don_vi":"m3","khoi_luong_hd":11.34,"don_gia_hd":893281.0},{"stt":"3.9.2","ten":"Bê tông lót móng, đá 4x6, mác 100","don_vi":"m3","khoi_luong_hd":5.67,"don_gia_hd":1321111.0},{"stt":"3.9.3","ten":"Bê tông hố van, hố ga, đá 1x2, mác 200","don_vi":"m3","khoi_luong_hd":30.25,"don_gia_hd":3133052.0},{"stt":"3.9.4","ten":"Công tác gia công lắp dựng cốt thép. Cốt thép hố ga, đường kính cốt thép <= 10mm","don_vi":"tấn","khoi_luong_hd":0.1068,"don_gia_hd":20807177.0},{"stt":"3.9.5","ten":"Công tác gia công lắp dựng cốt thép. Cốt thép hố ga, đường kính cốt thép <= 18mm","don_vi":"tấn","khoi_luong_hd":4.1272,"don_gia_hd":20930697.0},{"stt":"3.9.6","ten":"Công tác gia công lắp dựng cốt thép. Cốt thép hố ga, đường kính cốt thép > 18mm","don_vi":"tấn","khoi_luong_hd":0.1572,"don_gia_hd":20182868.0},{"stt":"3.9.7","ten":"Sơn sắt thép bằng sơn các loại, 1 nước lót, 2 nước phủ","don_vi":"m2","khoi_luong_hd":4.0035,"don_gia_hd":78069.0},{"stt":"3.9.8","ten":"Chèn vữa vị trí nối cống D300","don_vi":"mối nối","khoi_luong_hd":15.0,"don_gia_hd":31498.0},{"stt":"3.9.9","ten":"Chèn vữa vị trí nối cống D1000","don_vi":"mối nối","khoi_luong_hd":30.0,"don_gia_hd":100063.0},{"stt":"3.9.10","ten":"Bê tông tấm đan, đá 1x2, mác 250","don_vi":"m3","khoi_luong_hd":5.7375,"don_gia_hd":2201155.0},{"stt":"3.9.11","ten":"Cốt thép tấm đan","don_vi":"tấn","khoi_luong_hd":1.0437,"don_gia_hd":23031837.0},{"stt":"3.9.12","ten":"Cung cấp và lắp đặt Nắp hố ga khung dương gang cầu KT890x890x70mm D650mm, tải trọng 25T","don_vi":"cái","khoi_luong_hd":15.0,"don_gia_hd":4031295.0},{"stt":"3.9.13","ten":"Quét nhựa bitum thành ngoài hố ga (2 lớp)","don_vi":"m2","khoi_luong_hd":418.98,"don_gia_hd":19920.0},{"stt":"3.10.1","ten":"Thi công lớp đá dăm đệm móng","don_vi":"m3","khoi_luong_hd":1.512,"don_gia_hd":893281.0},{"stt":"3.10.2","ten":"Bê tông lót móng, đá 4x6, mác 100","don_vi":"m3","khoi_luong_hd":0.756,"don_gia_hd":1321111.0},{"stt":"3.10.3","ten":"Bê tông hố van, hố ga, đá 1x2, mác 200","don_vi":"m3","khoi_luong_hd":5.0237,"don_gia_hd":3177142.0},{"stt":"3.10.4","ten":"Công tác gia công lắp dựng cốt thép. Cốt thép hố ga, đường kính cốt thép <= 10mm","don_vi":"tấn","khoi_luong_hd":0.0191,"don_gia_hd":20807177.0},{"stt":"3.10.5","ten":"Công tác gia công lắp dựng cốt thép. Cốt thép hố ga, đường kính cốt thép <= 18mm","don_vi":"tấn","khoi_luong_hd":0.6863,"don_gia_hd":20930697.0},{"stt":"3.10.6","ten":"Công tác gia công lắp dựng cốt thép. Cốt thép hố ga, đường kính cốt thép > 18mm","don_vi":"tấn","khoi_luong_hd":0.0294,"don_gia_hd":20182868.0},{"stt":"3.10.7","ten":"Sơn sắt thép bằng sơn các loại, 1 nước lót, 2 nước phủ","don_vi":"m2","khoi_luong_hd":0.7473,"don_gia_hd":78069.0},{"stt":"3.10.8","ten":"Chèn vữa vị trí nối cống D300","don_vi":"mối nối","khoi_luong_hd":2.0,"don_gia_hd":31498.0},{"stt":"3.10.9","ten":"Chèn vữa vị trí nối cống D1000","don_vi":"mối nối","khoi_luong_hd":4.0,"don_gia_hd":100063.0},{"stt":"3.10.10","ten":"Bê tông tấm đan, đá 1x2, mác 250","don_vi":"m3","khoi_luong_hd":0.765,"don_gia_hd":2201155.0},{"stt":"3.10.11","ten":"Công tác gia công, lắp đặt cốt thép. Cốt thép tấm đan","don_vi":"tấn","khoi_luong_hd":0.1392,"don_gia_hd":23031837.0},{"stt":"3.10.12","ten":"Cung cấp và lắp đặt Nắp hố ga khung dương gang cầu KT890x890x70mm D650mm, tải trọng 25T","don_vi":"cái","khoi_luong_hd":2.0,"don_gia_hd":4031295.0},{"stt":"3.10.13","ten":"Quét nhựa bitum thành ngoài hố ga (2 lớp)","don_vi":"m2","khoi_luong_hd":69.0,"don_gia_hd":19920.0},{"stt":"3.11.1","ten":"Thi công lớp đá dăm đệm móng","don_vi":"m3","khoi_luong_hd":0.882,"don_gia_hd":893281.0},{"stt":"3.11.2","ten":"Bê tông lót móng, đá 4x6, mác 100","don_vi":"m3","khoi_luong_hd":0.441,"don_gia_hd":1321111.0},{"stt":"3.11.3","ten":"Bê tông hố van, hố ga, đá 1x2, mác 250","don_vi":"m3","khoi_luong_hd":2.4387,"don_gia_hd":3131630.0},{"stt":"3.11.4","ten":"Công tác gia công lắp dựng cốt thép. Cốt thép hố ga, đường kính cốt thép <= 10mm","don_vi":"tấn","khoi_luong_hd":0.011,"don_gia_hd":20807177.0},{"stt":"3.11.5","ten":"Công tác gia công lắp dựng cốt thép. Cốt thép hố ga, đường kính cốt thép <= 18mm","don_vi":"tấn","khoi_luong_hd":0.3733,"don_gia_hd":20930697.0},{"stt":"3.11.6","ten":"Công tác gia công lắp dựng cốt thép. Cốt thép hố ga, đường kính cốt thép > 18mm","don_vi":"tấn","khoi_luong_hd":0.0147,"don_gia_hd":20182868.0},{"stt":"3.11.7","ten":"Sơn sắt thép bằng sơn các loại, 1 nước lót, 2 nước phủ","don_vi":"m2","khoi_luong_hd":0.3737,"don_gia_hd":78069.0},{"stt":"3.11.8","ten":"Chèn vữa vị trí nối cống D600","don_vi":"mối nối","khoi_luong_hd":1.0,"don_gia_hd":59396.0},{"stt":"3.11.9","ten":"Chèn vữa vị trí nối cống D1000","don_vi":"mối nối","khoi_luong_hd":2.0,"don_gia_hd":100063.0},{"stt":"3.11.10","ten":"Bê tông tấm đan, đá 1x2, mác 250","don_vi":"m3","khoi_luong_hd":0.468,"don_gia_hd":2150727.0},{"stt":"3.11.11","ten":"Công tác gia công, lắp đặt cốt thép. Cốt thép tấm đan","don_vi":"tấn","khoi_luong_hd":0.0833,"don_gia_hd":23031837.0},{"stt":"3.11.12","ten":"Cung cấp và lắp đặt Nắp hố ga khung dương gang cầu KT890x890x70mm D650mm, tải trọng 25T","don_vi":"cái","khoi_luong_hd":1.0,"don_gia_hd":4031295.0},{"stt":"3.11.13","ten":"Quét nhựa bitum thành ngoài hố ga (2 lớp)","don_vi":"m2","khoi_luong_hd":35.848,"don_gia_hd":19920.0},{"stt":"3.12.1","ten":"Thi công lớp đá dăm đệm móng","don_vi":"m3","khoi_luong_hd":0.756,"don_gia_hd":893281.0},{"stt":"3.12.2","ten":"Bê tông lót móng, đá 4x6, mác 100","don_vi":"m3","khoi_luong_hd":0.378,"don_gia_hd":1321111.0},{"stt":"3.12.3","ten":"Bê tông hố van, hố ga, đá 1x2, mác 250","don_vi":"m3","khoi_luong_hd":2.6132,"don_gia_hd":3181408.0},{"stt":"3.12.4","ten":"Công tác gia công lắp dựng cốt thép. Cốt thép hố ga, đường kính cốt thép <= 10mm","don_vi":"tấn","khoi_luong_hd":0.0096,"don_gia_hd":20807177.0},{"stt":"3.12.5","ten":"Công tác gia công lắp dựng cốt thép. Cốt thép hố ga, đường kính cốt thép <= 18mm","don_vi":"tấn","khoi_luong_hd":0.3532,"don_gia_hd":20930697.0},{"stt":"3.12.6","ten":"Công tác gia công lắp dựng cốt thép. Cốt thép hố ga, đường kính cốt thép > 18mm","don_vi":"tấn","khoi_luong_hd":0.0147,"don_gia_hd":20182868.0},{"stt":"3.12.7","ten":"Sơn sắt thép bằng sơn các loại, 1 nước lót, 2 nước phủ","don_vi":"m2","khoi_luong_hd":0.3737,"don_gia_hd":78069.0},{"stt":"3.12.8","ten":"Chèn vữa vị trí nối cống D600","don_vi":"mối nối","khoi_luong_hd":2.0,"don_gia_hd":59396.0},{"stt":"3.12.9","ten":"Chèn vữa vị trí nối cống D1000","don_vi":"mối nối","khoi_luong_hd":1.0,"don_gia_hd":100063.0},{"stt":"3.12.10","ten":"Bê tông tấm đan, đá 1x2, mác 200","don_vi":"m3","khoi_luong_hd":0.3825,"don_gia_hd":2201155.0},{"stt":"3.12.11","ten":"Công tác gia công, lắp đặt cốt thép. Cốt thép tấm đan","don_vi":"tấn","khoi_luong_hd":0.0696,"don_gia_hd":23031837.0},{"stt":"3.12.12","ten":"Cung cấp và lắp đặt Nắp hố ga khung dương gang cầu KT890x890x70mm D650mm, tải trọng 25T","don_vi":"cái","khoi_luong_hd":1.0,"don_gia_hd":4031295.0},{"stt":"3.12.13","ten":"Quét nhựa bitum thành ngoài hố ga (2 lớp)","don_vi":"m2","khoi_luong_hd":35.028,"don_gia_hd":19920.0},{"stt":"3.13.1","ten":"Thi công lớp đá dăm đệm móng","don_vi":"m3","khoi_luong_hd":14.076,"don_gia_hd":893281.0},{"stt":"3.13.2","ten":"Bê tông lót móng, đá 4x6, mác 100","don_vi":"m3","khoi_luong_hd":7.038,"don_gia_hd":1321111.0},{"stt":"3.13.3","ten":"Bê tông hố van, hố ga, đá 1x2, mác 250","don_vi":"m3","khoi_luong_hd":36.884,"don_gia_hd":3133052.0},{"stt":"3.13.4","ten":"Công tác gia công lắp dựng cốt thép. Cốt thép hố ga, đường kính cốt thép <= 10mm","don_vi":"tấn","khoi_luong_hd":0.1513,"don_gia_hd":20807177.0},{"stt":"3.13.5","ten":"Công tác gia công lắp dựng cốt thép. Cốt thép hố ga, đường kính cốt thép <= 18mm","don_vi":"tấn","khoi_luong_hd":7.1549,"don_gia_hd":20930697.0},{"stt":"3.13.6","ten":"Công tác gia công lắp dựng cốt thép. Cốt thép hố ga, đường kính cốt thép > 18mm","don_vi":"tấn","khoi_luong_hd":0.2139,"don_gia_hd":20182868.0},{"stt":"3.13.7","ten":"Sơn sắt thép bằng sơn các loại, 1 nước lót, 2 nước phủ","don_vi":"m2","khoi_luong_hd":5.4448,"don_gia_hd":78069.0},{"stt":"3.13.8","ten":"Chèn vữa vị trí nối cống D300","don_vi":"mối nối","khoi_luong_hd":17.0,"don_gia_hd":31498.0},{"stt":"3.13.9","ten":"Chèn vữa vị trí nối cống D1250","don_vi":"mối nối","khoi_luong_hd":34.0,"don_gia_hd":126911.0},{"stt":"3.13.10","ten":"Bê tông tấm đan, đá 1x2, mác 250","don_vi":"m3","khoi_luong_hd":7.3185,"don_gia_hd":2172480.0},{"stt":"3.13.11","ten":"Công tác gia công, lắp đặt cốt thép. Cốt thép tấm đan","don_vi":"tấn","khoi_luong_hd":1.7524,"don_gia_hd":23031837.0},{"stt":"3.13.12","ten":"Cung cấp và lắp đặt Nắp hố ga khung dương gang cầu KT890x890x70mm D650mm, tải trọng 25T","don_vi":"cái","khoi_luong_hd":17.0,"don_gia_hd":4031295.0},{"stt":"3.13.13","ten":"Quét nhựa bitum thành ngoài hố ga (2 lớp)","don_vi":"m2","khoi_luong_hd":560.932,"don_gia_hd":19920.0},{"stt":"3.14.1","ten":"Thi công lớp đá dăm đệm móng","don_vi":"m3","khoi_luong_hd":1.058,"don_gia_hd":893281.0},{"stt":"3.14.2","ten":"Bê tông lót móng, đá 4x6, mác 100","don_vi":"m3","khoi_luong_hd":0.529,"don_gia_hd":1321111.0},{"stt":"3.14.3","ten":"Bê tông hố van, hố ga, đá 1x2, mác 200","don_vi":"m3","khoi_luong_hd":2.3445,"don_gia_hd":3047717.0},{"stt":"3.14.4","ten":"Công tác gia công lắp dựng cốt thép. Cốt thép hố ga, đường kính cốt thép <= 10mm","don_vi":"tấn","khoi_luong_hd":0.0108,"don_gia_hd":20807177.0},{"stt":"3.14.5","ten":"Công tác gia công lắp dựng cốt thép. Cốt thép hố ga, đường kính cốt thép <= 18mm","don_vi":"tấn","khoi_luong_hd":0.5131,"don_gia_hd":20930697.0},{"stt":"3.14.6","ten":"Công tác gia công lắp dựng cốt thép. Cốt thép hố ga, đường kính cốt thép > 18mm","don_vi":"tấn","khoi_luong_hd":0.0126,"don_gia_hd":20182868.0},{"stt":"3.14.7","ten":"Sơn sắt thép bằng sơn các loại, 1 nước lót, 2 nước phủ","don_vi":"m2","khoi_luong_hd":0.3203,"don_gia_hd":78069.0},{"stt":"3.14.8","ten":"Chèn vữa vị trí nối cống D600","don_vi":"mối nối","khoi_luong_hd":1.0,"don_gia_hd":59396.0},{"stt":"3.14.9","ten":"Chèn vữa vị trí nối cống D1250","don_vi":"mối nối","khoi_luong_hd":2.0,"don_gia_hd":126911.0},{"stt":"3.14.10","ten":"Bê tông tấm đan, đá 1x2, mác 250","don_vi":"m3","khoi_luong_hd":0.588,"don_gia_hd":2104255.0},{"stt":"3.14.11","ten":"Công tác gia công, lắp đặt cốt thép. Cốt thép tấm đan","don_vi":"tấn","khoi_luong_hd":0.1353,"don_gia_hd":23031837.0},{"stt":"3.14.12","ten":"Cung cấp và lắp đặt Nắp hố ga khung dương gang cầu KT890x890x70mm D650mm, tải trọng 25T","don_vi":"cái","khoi_luong_hd":1.0,"don_gia_hd":4031295.0},{"stt":"3.14.13","ten":"Quét nhựa bitum thành ngoài hố ga (2 lớp)","don_vi":"m2","khoi_luong_hd":36.984,"don_gia_hd":19920.0},{"stt":"3.15.1","ten":"Thi công lớp đá dăm đệm móng","don_vi":"m3","khoi_luong_hd":0.828,"don_gia_hd":893281.0},{"stt":"3.15.2","ten":"Bê tông lót móng, đá 4x6, mác 100","don_vi":"m3","khoi_luong_hd":0.414,"don_gia_hd":1321111.0},{"stt":"3.15.3","ten":"Bê tông hố van, hố ga, đá 1x2, mác 250","don_vi":"m3","khoi_luong_hd":2.1788,"don_gia_hd":3170030.0},{"stt":"3.15.4","ten":"Công tác gia công lắp dựng cốt thép. Cốt thép hố ga, đường kính cốt thép <= 10mm","don_vi":"tấn","khoi_luong_hd":0.0089,"don_gia_hd":20807177.0},{"stt":"3.15.5","ten":"Công tác gia công lắp dựng cốt thép. Cốt thép hố ga, đường kính cốt thép <= 18mm","don_vi":"tấn","khoi_luong_hd":0.4042,"don_gia_hd":20930697.0},{"stt":"3.15.6","ten":"Công tác gia công lắp dựng cốt thép. Cốt thép hố ga, đường kính cốt thép > 18mm","don_vi":"tấn","khoi_luong_hd":0.0147,"don_gia_hd":20182868.0},{"stt":"3.15.7","ten":"Sơn sắt thép bằng sơn các loại, 1 nước lót, 2 nước phủ","don_vi":"m2","khoi_luong_hd":0.3737,"don_gia_hd":78069.0},{"stt":"3.15.8","ten":"Chèn vữa vị trí nối cống D600","don_vi":"mối nối","khoi_luong_hd":2.0,"don_gia_hd":59396.0},{"stt":"3.15.9","ten":"Chèn vữa vị trí nối cống D1250","don_vi":"mối nối","khoi_luong_hd":2.0,"don_gia_hd":126911.0},{"stt":"3.15.10","ten":"Bê tông tấm đan, đá 1x2, mác 250","don_vi":"m3","khoi_luong_hd":0.4305,"don_gia_hd":2172480.0},{"stt":"3.15.11","ten":"Công tác gia công, lắp đặt cốt thép. Cốt thép tấm đan","don_vi":"tấn","khoi_luong_hd":0.1031,"don_gia_hd":23031837.0},{"stt":"3.15.12","ten":"Cung cấp và lắp đặt Nắp hố ga khung dương gang cầu KT890x890x70mm D650mm, tải trọng 25T","don_vi":"cái","khoi_luong_hd":1.0,"don_gia_hd":4031295.0},{"stt":"3.15.13","ten":"Quét nhựa bitum thành ngoài hố ga (2 lớp)","don_vi":"m2","khoi_luong_hd":34.316,"don_gia_hd":19920.0},{"stt":"3.16.1","ten":"Thi công lớp đá dăm đệm móng","don_vi":"m3","khoi_luong_hd":23.4,"don_gia_hd":893281.0},{"stt":"3.16.2","ten":"Bê tông lót móng, đá 4x6, mác 100","don_vi":"m3","khoi_luong_hd":11.7,"don_gia_hd":1321111.0},{"stt":"3.16.3","ten":"Bê tông hố van, hố ga, đá 1x2, mác 250","don_vi":"m3","khoi_luong_hd":63.2642,"don_gia_hd":3135897.0},{"stt":"3.16.4","ten":"Công tác gia công lắp dựng cốt thép. Cốt thép hố ga, đường kính cốt thép <= 10mm","don_vi":"tấn","khoi_luong_hd":0.2865,"don_gia_hd":20807177.0},{"stt":"3.16.5","ten":"Công tác gia công lắp dựng cốt thép. Cốt thép hố ga, đường kính cốt thép <= 18mm","don_vi":"tấn","khoi_luong_hd":13.0329,"don_gia_hd":20930697.0},{"stt":"3.16.6","ten":"Công tác gia công lắp dựng cốt thép. Cốt thép hố ga, đường kính cốt thép > 18mm","don_vi":"tấn","khoi_luong_hd":0.4193,"don_gia_hd":20182868.0},{"stt":"3.16.7","ten":"Sơn sắt thép bằng sơn các loại, 1 nước lót, 2 nước phủ","don_vi":"m2","khoi_luong_hd":10.676,"don_gia_hd":78069.0},{"stt":"3.16.8","ten":"Chèn vữa vị trí nối cống D300","don_vi":"mối nối","khoi_luong_hd":25.0,"don_gia_hd":31498.0},{"stt":"3.16.9","ten":"Chèn vữa vị trí nối cống D1500","don_vi":"mối nối","khoi_luong_hd":50.0,"don_gia_hd":153760.0},{"stt":"3.16.10","ten":"Bê tông tấm đan, đá 1x2, mác 250","don_vi":"m3","khoi_luong_hd":12.5625,"don_gia_hd":2139851.0},{"stt":"3.16.11","ten":"Công tác gia công, lắp đặt cốt thép. Cốt thép tấm đan","don_vi":"tấn","khoi_luong_hd":3.0138,"don_gia_hd":23031837.0},{"stt":"3.16.12","ten":"Cung cấp và lắp đặt Nắp hố ga khung dương gang cầu KT890x890x70mm D650mm, tải trọng 25T","don_vi":"cái","khoi_luong_hd":25.0,"don_gia_hd":4031295.0},{"stt":"3.16.13","ten":"Quét nhựa bitum thành ngoài hố ga (2 lớp)","don_vi":"m2","khoi_luong_hd":1063.2,"don_gia_hd":19920.0},{"stt":"3.17.1","ten":"Thi công lớp đá dăm đệm móng","don_vi":"m3","khoi_luong_hd":3.744,"don_gia_hd":893281.0},{"stt":"3.17.2","ten":"Bê tông lót móng, đá 4x6, mác 100","don_vi":"m3","khoi_luong_hd":1.872,"don_gia_hd":1321111.0},{"stt":"3.17.3","ten":"Bê tông hố van, hố ga, đá 1x2, mác 200","don_vi":"m3","khoi_luong_hd":12.0871,"don_gia_hd":3171453.0},{"stt":"3.17.4","ten":"Công tác gia công lắp dựng cốt thép. Cốt thép hố ga, đường kính cốt thép <= 10mm","don_vi":"tấn","khoi_luong_hd":0.0574,"don_gia_hd":20807177.0},{"stt":"3.17.5","ten":"Công tác gia công lắp dựng cốt thép. Cốt thép hố ga, đường kính cốt thép <= 18mm","don_vi":"tấn","khoi_luong_hd":2.554,"don_gia_hd":20930697.0},{"stt":"3.17.6","ten":"Công tác gia công lắp dựng cốt thép. Cốt thép hố ga, đường kính cốt thép > 18mm","don_vi":"tấn","khoi_luong_hd":0.0755,"don_gia_hd":20182868.0},{"stt":"3.17.7","ten":"Sơn sắt thép bằng sơn các loại, 1 nước lót, 2 nước phủ","don_vi":"m2","khoi_luong_hd":1.9217,"don_gia_hd":78069.0},{"stt":"3.17.8","ten":"Chèn vữa vị trí nối cống D300","don_vi":"mối nối","khoi_luong_hd":4.0,"don_gia_hd":31498.0},{"stt":"3.17.9","ten":"Chèn vữa vị trí nối cống D1500","don_vi":"mối nối","khoi_luong_hd":8.0,"don_gia_hd":153760.0},{"stt":"3.17.10","ten":"Bê tông tấm đan, đá 1x2, mác 250","don_vi":"m3","khoi_luong_hd":2.01,"don_gia_hd":2139851.0},{"stt":"3.17.11","ten":"Công tác gia công, lắp đặt cốt thép. Cốt thép tấm đan","don_vi":"tấn","khoi_luong_hd":0.4822,"don_gia_hd":23031837.0},{"stt":"3.17.12","ten":"Cung cấp và lắp đặt Nắp hố ga khung dương gang cầu KT890x890x70mm D650mm, tải trọng 25T","don_vi":"cái","khoi_luong_hd":4.0,"don_gia_hd":4031295.0},{"stt":"3.17.13","ten":"Quét nhựa bitum thành ngoài hố ga (2 lớp)","don_vi":"m2","khoi_luong_hd":200.704,"don_gia_hd":19920.0},{"stt":"3.18.1","ten":"Thi công lớp đá dăm đệm móng","don_vi":"m3","khoi_luong_hd":3.744,"don_gia_hd":893281.0},{"stt":"3.18.2","ten":"Bê tông lót móng, đá 4x6, mác 100","don_vi":"m3","khoi_luong_hd":1.872,"don_gia_hd":1321111.0},{"stt":"3.18.3","ten":"Bê tông hố van, hố ga, đá 1x2, mác 200","don_vi":"m3","khoi_luong_hd":13.9943,"don_gia_hd":3197053.0},{"stt":"3.18.4","ten":"Công tác gia công lắp dựng cốt thép. Cốt thép hố ga, đường kính cốt thép <= 10mm","don_vi":"tấn","khoi_luong_hd":0.0689,"don_gia_hd":20807177.0},{"stt":"3.18.5","ten":"Công tác gia công lắp dựng cốt thép. Cốt thép hố ga, đường kính cốt thép <= 18mm","don_vi":"tấn","khoi_luong_hd":3.1017,"don_gia_hd":20930697.0},{"stt":"3.18.6","ten":"Công tác gia công lắp dựng cốt thép. Cốt thép hố ga, đường kính cốt thép > 18mm","don_vi":"tấn","khoi_luong_hd":0.0922,"don_gia_hd":20182868.0},{"stt":"3.18.7","ten":"Sơn sắt thép bằng sơn các loại, 1 nước lót, 2 nước phủ","don_vi":"m2","khoi_luong_hd":2.3487,"don_gia_hd":78069.0},{"stt":"3.18.8","ten":"Chèn vữa vị trí nối cống D300","don_vi":"mối nối","khoi_luong_hd":4.0,"don_gia_hd":31498.0},{"stt":"3.18.9","ten":"Chèn vữa vị trí nối cống D1500","don_vi":"mối nối","khoi_luong_hd":8.0,"don_gia_hd":153760.0},{"stt":"3.18.10","ten":"Bê tông tấm đan, đá 1x2, mác 250","don_vi":"m3","khoi_luong_hd":2.01,"don_gia_hd":2139851.0},{"stt":"3.18.11","ten":"Công tác gia công, lắp đặt cốt thép. Cốt thép tấm đan","don_vi":"tấn","khoi_luong_hd":0.4822,"don_gia_hd":23031837.0},{"stt":"3.18.12","ten":"Cung cấp và lắp đặt Nắp hố ga khung dương gang cầu KT890x890x70mm D650mm, tải trọng 25T","don_vi":"cái","khoi_luong_hd":4.0,"don_gia_hd":4031295.0},{"stt":"3.18.13","ten":"Quét nhựa bitum thành ngoài hố ga (2 lớp)","don_vi":"m2","khoi_luong_hd":230.592,"don_gia_hd":19920.0},{"stt":"3.19.1","ten":"Thi công lớp đá dăm đệm móng","don_vi":"m3","khoi_luong_hd":1.664,"don_gia_hd":893281.0},{"stt":"3.19.2","ten":"Bê tông lót móng, đá 4x6, mác 100","don_vi":"m3","khoi_luong_hd":0.832,"don_gia_hd":1321111.0},{"stt":"3.19.3","ten":"Bê tông hố van, hố ga, đá 1x2, mác 250","don_vi":"m3","khoi_luong_hd":3.8399,"don_gia_hd":3036339.0},{"stt":"3.19.4","ten":"Công tác gia công lắp dựng cốt thép. Cốt thép hố ga, đường kính cốt thép <= 10mm","don_vi":"tấn","khoi_luong_hd":0.0186,"don_gia_hd":20807177.0},{"stt":"3.19.5","ten":"Công tác gia công lắp dựng cốt thép. Cốt thép hố ga, đường kính cốt thép <= 18mm","don_vi":"tấn","khoi_luong_hd":0.8181,"don_gia_hd":20930697.0},{"stt":"3.19.6","ten":"Công tác gia công lắp dựng cốt thép. Cốt thép hố ga, đường kính cốt thép > 18mm","don_vi":"tấn","khoi_luong_hd":0.021,"don_gia_hd":20182868.0},{"stt":"3.19.7","ten":"Sơn sắt thép bằng sơn các loại, 1 nước lót, 2 nước phủ","don_vi":"m2","khoi_luong_hd":0.5338,"don_gia_hd":78069.0},{"stt":"3.19.8","ten":"Chèn vữa vị trí nối cống hộp 2x2m","don_vi":"mối nối","khoi_luong_hd":1.0,"don_gia_hd":223505.0},{"stt":"3.19.9","ten":"Chèn vữa vị trí nối cống D1500","don_vi":"mối nối","khoi_luong_hd":2.0,"don_gia_hd":153760.0},{"stt":"3.19.10","ten":"Bê tông tấm đan, đá 1x2, mác 250","don_vi":"m3","khoi_luong_hd":1.0065,"don_gia_hd":2022186.0},{"stt":"3.19.11","ten":"Công tác gia công, lắp đặt cốt thép. Cốt thép tấm đan","don_vi":"tấn","khoi_luong_hd":0.2267,"don_gia_hd":23031837.0},{"stt":"3.19.12","ten":"Cung cấp và lắp đặt Nắp hố ga khung dương gang cầu KT890x890x70mm D650mm, tải trọng 25T","don_vi":"cái","khoi_luong_hd":1.0,"don_gia_hd":4031295.0},{"stt":"3.19.13","ten":"Quét nhựa bitum thành ngoài hố ga (2 lớp)","don_vi":"m2","khoi_luong_hd":86.416,"don_gia_hd":19920.0},{"stt":"3.20.1","ten":"Thi công lớp đá dăm đệm móng","don_vi":"m3","khoi_luong_hd":1.664,"don_gia_hd":893281.0},{"stt":"3.20.2","ten":"Bê tông lót móng, đá 4x6, mác 100","don_vi":"m3","khoi_luong_hd":0.832,"don_gia_hd":1321111.0},{"stt":"3.20.3","ten":"Bê tông hố van, hố ga, đá 1x2, mác 200","don_vi":"m3","khoi_luong_hd":3.0822,"don_gia_hd":3003628.0},{"stt":"3.20.4","ten":"Công tác gia công lắp dựng cốt thép. Cốt thép hố ga, đường kính cốt thép <= 10mm","don_vi":"tấn","khoi_luong_hd":0.02,"don_gia_hd":20807177.0},{"stt":"3.20.5","ten":"Công tác gia công lắp dựng cốt thép. Cốt thép hố ga, đường kính cốt thép <= 18mm","don_vi":"tấn","khoi_luong_hd":0.8653,"don_gia_hd":20930697.0},{"stt":"3.20.6","ten":"Công tác gia công lắp dựng cốt thép. Cốt thép hố ga, đường kính cốt thép > 18mm","don_vi":"tấn","khoi_luong_hd":0.0252,"don_gia_hd":20182868.0},{"stt":"3.20.7","ten":"Sơn sắt thép bằng sơn các loại, 1 nước lót, 2 nước phủ","don_vi":"m2","khoi_luong_hd":0.6406,"don_gia_hd":78069.0},{"stt":"3.20.8","ten":"Chèn vữa vị trí nối cống hộp 2x2m","don_vi":"mối nối","khoi_luong_hd":2.0,"don_gia_hd":223505.0},{"stt":"3.20.9","ten":"Chèn vữa vị trí nối cống D1500","don_vi":"mối nối","khoi_luong_hd":1.0,"don_gia_hd":153760.0},{"stt":"3.20.10","ten":"Chèn vữa vị trí nối cống D600","don_vi":"mối nối","khoi_luong_hd":1.0,"don_gia_hd":59396.0},{"stt":"3.20.11","ten":"Bê tông tấm đan, đá 1x2, mác 250","don_vi":"m3","khoi_luong_hd":1.0065,"don_gia_hd":2022186.0},{"stt":"3.20.12","ten":"Công tác gia công, lắp đặt cốt thép. Cốt thép tấm đan","don_vi":"tấn","khoi_luong_hd":0.2267,"don_gia_hd":23031837.0},{"stt":"3.20.13","ten":"Cung cấp và lắp đặt Nắp hố ga khung dương gang cầu KT890x890x70mm D650mm, tải trọng 25T","don_vi":"cái","khoi_luong_hd":1.0,"don_gia_hd":4031295.0},{"stt":"3.20.14","ten":"Quét nhựa bitum thành ngoài hố ga (2 lớp)","don_vi":"m2","khoi_luong_hd":80.64,"don_gia_hd":19920.0},{"stt":"3.21.1","ten":"Thi công lớp đá đệm móng","don_vi":"m3","khoi_luong_hd":0.512,"don_gia_hd":893281.0},{"stt":"3.21.2","ten":"Bê tông lót móng, đá 4x6, mác 100","don_vi":"m3","khoi_luong_hd":0.256,"don_gia_hd":1321111.0},{"stt":"3.21.3","ten":"Bê tông hố van, hố ga, đá 1x2, mác 200","don_vi":"m3","khoi_luong_hd":1.7717,"don_gia_hd":3226920.0},{"stt":"3.21.4","ten":"Công tác gia công lắp dựng cốt thép. Cốt thép hố ga, đường kính cốt thép <= 10mm","don_vi":"tấn","khoi_luong_hd":0.1517,"don_gia_hd":20807177.0},{"stt":"3.21.5","ten":"Công tác gia công lắp dựng cốt thép. Cốt thép hố ga, đường kính cốt thép > 18mm","don_vi":"tấn","khoi_luong_hd":0.0105,"don_gia_hd":20182868.0},{"stt":"3.21.6","ten":"Sơn sắt thép bằng sơn các loại, 1 nước lót, 2 nước phủ","don_vi":"m2","khoi_luong_hd":0.2669,"don_gia_hd":78069.0},{"stt":"3.21.7","ten":"Chèn vữa vị trí nối cống D600, vữa XM mác 100","don_vi":"mối nối","khoi_luong_hd":2.0,"don_gia_hd":59396.0},{"stt":"3.21.8","ten":"Chèn vữa vị trí nối cống D300, vữa XM mác 100","don_vi":"mối nối","khoi_luong_hd":2.0,"don_gia_hd":31498.0},{"stt":"3.21.9","ten":"Bê tông tấm đan, đá 1x2, mác 250","don_vi":"m3","khoi_luong_hd":0.2205,"don_gia_hd":2386057.0},{"stt":"3.21.10","ten":"Công tác gia công, lắp đặt cốt thép. Cốt thép tấm đan","don_vi":"tấn","khoi_luong_hd":0.0438,"don_gia_hd":23031837.0},{"stt":"3.21.11","ten":"Cung cấp và lắp đặt Nắp hố ga khung dương gang cầu KT890x890x70mm D650mm, tải trọng 25T","don_vi":"cái","khoi_luong_hd":1.0,"don_gia_hd":4031295.0},{"stt":"3.21.12","ten":"Quét nhựa bitum thành ngoài hố ga (2 lớp)","don_vi":"m2","khoi_luong_hd":14.28,"don_gia_hd":19920.0},{"stt":"3.22.1","ten":"Thi công lớp đá đệm móng","don_vi":"m3","khoi_luong_hd":0.576,"don_gia_hd":893281.0},{"stt":"3.22.2","ten":"Bê tông lót móng, đá 4x6, mác 100","don_vi":"m3","khoi_luong_hd":0.288,"don_gia_hd":1321111.0},{"stt":"3.22.3","ten":"Bê tông hố van, hố ga, đá 1x2, mác 250","don_vi":"m3","khoi_luong_hd":2.1567,"don_gia_hd":3235454.0},{"stt":"3.22.4","ten":"Công tác gia công lắp dựng cốt thép. Cốt thép hố ga, đường kính cốt thép <= 10mm","don_vi":"tấn","khoi_luong_hd":0.1851,"don_gia_hd":20807177.0},{"stt":"3.22.5","ten":"Công tác gia công lắp dựng cốt thép. Cốt thép hố ga, đường kính cốt thép > 18mm","don_vi":"tấn","khoi_luong_hd":0.0126,"don_gia_hd":20182868.0},{"stt":"3.22.6","ten":"Sơn sắt thép bằng sơn các loại, 1 nước lót, 2 nước phủ","don_vi":"m2","khoi_luong_hd":0.3203,"don_gia_hd":78069.0},{"stt":"3.22.7","ten":"Chèn vữa vị trí nối cống D800, vữa XM mác 100","don_vi":"mối nối","khoi_luong_hd":2.0,"don_gia_hd":81464.0},{"stt":"3.22.8","ten":"Chèn vữa vị trí nối cống D300, vữa XM mác 100","don_vi":"mối nối","khoi_luong_hd":2.0,"don_gia_hd":31498.0},{"stt":"3.22.9","ten":"Bê tông tấm đan, đá 1x2, mác 250","don_vi":"m3","khoi_luong_hd":0.2625,"don_gia_hd":2341562.0},{"stt":"3.22.10","ten":"Công tác gia công, lắp đặt cốt thép. Cốt thép tấm đan","don_vi":"tấn","khoi_luong_hd":0.0512,"don_gia_hd":23031837.0},{"stt":"3.22.11","ten":"Cung cấp và lắp đặt Nắp hố ga khung dương gang cầu KT890x890x70mm D650mm, tải trọng 25T","don_vi":"cái","khoi_luong_hd":1.0,"don_gia_hd":4031295.0},{"stt":"3.22.12","ten":"Quét nhựa bitum thành ngoài hố ga (2 lớp)","don_vi":"m2","khoi_luong_hd":16.88,"don_gia_hd":19920.0},{"stt":"3.23.1","ten":"Thi công lớp đá đệm móng","don_vi":"m3","khoi_luong_hd":0.828,"don_gia_hd":893281.0},{"stt":"3.23.2","ten":"Bê tông lót móng, đá 4x6, mác 100","don_vi":"m3","khoi_luong_hd":0.414,"don_gia_hd":1321111.0},{"stt":"3.23.3","ten":"Bê tông hố van, hố ga, đá 1x2, mác 250","don_vi":"m3","khoi_luong_hd":2.5731,"don_gia_hd":3178564.0},{"stt":"3.23.4","ten":"Công tác gia công lắp dựng cốt thép. Cốt thép móng, đường kính cốt thép <= 10mm","don_vi":"tấn","khoi_luong_hd":0.0089,"don_gia_hd":20807177.0},{"stt":"3.23.5","ten":"Công tác gia công lắp dựng cốt thép. Cốt thép móng, đường kính cốt thép <= 18mm","don_vi":"tấn","khoi_luong_hd":0.4196,"don_gia_hd":20930697.0},{"stt":"3.23.6","ten":"Công tác gia công lắp dựng cốt thép. Cốt thép hố ga, đường kính cốt thép > 18mm","don_vi":"tấn","khoi_luong_hd":0.0126,"don_gia_hd":20182868.0},{"stt":"3.23.7","ten":"Sơn sắt thép bằng sơn các loại, 1 nước lót, 2 nước phủ","don_vi":"m2","khoi_luong_hd":0.3203,"don_gia_hd":78069.0},{"stt":"3.23.8","ten":"Chèn vữa vị trí nối cống D1250, vữa XM mác 100","don_vi":"mối nối","khoi_luong_hd":2.0,"don_gia_hd":126911.0},{"stt":"3.23.9","ten":"Chèn vữa vị trí nối cống D300, vữa XM mác 100","don_vi":"mối nối","khoi_luong_hd":2.0,"don_gia_hd":31498.0},{"stt":"3.23.10","ten":"Bê tông tấm đan, đá 1x2, mác 250","don_vi":"m3","khoi_luong_hd":0.4305,"don_gia_hd":2207088.0},{"stt":"3.23.11","ten":"Công tác gia công, lắp đặt cốt thép. Cốt thép tấm đan","don_vi":"tấn","khoi_luong_hd":0.1031,"don_gia_hd":23031837.0},{"stt":"3.23.12","ten":"Cung cấp và lắp đặt Nắp hố ga khung dương gang cầu KT890x890x70mm D650mm, tải trọng 25T","don_vi":"cái","khoi_luong_hd":1.0,"don_gia_hd":4031295.0},{"stt":"3.23.13","ten":"Quét nhựa bitum thành ngoài hố ga (2 lớp)","don_vi":"m2","khoi_luong_hd":21.7,"don_gia_hd":19920.0},{"stt":"3.24.1","ten":"Thi công lớp đá dăm đệm móng","don_vi":"m3","khoi_luong_hd":1.872,"don_gia_hd":893281.0},{"stt":"3.24.2","ten":"Bê tông lót móng, đá 4x6, mác 100","don_vi":"m3","khoi_luong_hd":0.936,"don_gia_hd":1321111.0},{"stt":"3.24.3","ten":"Bê tông hố van, hố ga, đá 1x2, mác 250","don_vi":"m3","khoi_luong_hd":9.3401,"don_gia_hd":3243987.0},{"stt":"3.24.4","ten":"Công tác gia công lắp dựng cốt thép. Cốt thép hố ga, đường kính cốt thép <= 10mm","don_vi":"tấn","khoi_luong_hd":0.0345,"don_gia_hd":20807177.0},{"stt":"3.24.5","ten":"Công tác gia công lắp dựng cốt thép. Cốt thép hố ga, đường kính cốt thép <= 18mm","don_vi":"tấn","khoi_luong_hd":1.548,"don_gia_hd":20930697.0},{"stt":"3.24.6","ten":"Công tác gia công lắp dựng cốt thép. Cốt thép hố ga, đường kính cốt thép > 18mm","don_vi":"tấn","khoi_luong_hd":0.0461,"don_gia_hd":20182868.0},{"stt":"3.24.7","ten":"Sơn sắt thép bằng sơn các loại, 1 nước lót, 2 nước phủ","don_vi":"m2","khoi_luong_hd":1.1744,"don_gia_hd":78069.0},{"stt":"3.24.8","ten":"Chèn vữa vị trí nối cống D300 vữa XM mác 100","don_vi":"mối nối","khoi_luong_hd":4.0,"don_gia_hd":31498.0},{"stt":"3.24.9","ten":"Chèn vữa vị trí nối cống D1500 vữa XM mác 100","don_vi":"mối nối","khoi_luong_hd":4.0,"don_gia_hd":153760.0},{"stt":"3.24.10","ten":"Bê tông tấm đan, đá 1x2, mác 250","don_vi":"m3","khoi_luong_hd":1.005,"don_gia_hd":2139851.0},{"stt":"3.24.11","ten":"Công tác gia công, lắp đặt cốt thép. Cốt thép tấm đan","don_vi":"tấn","khoi_luong_hd":0.2411,"don_gia_hd":23031837.0},{"stt":"3.24.12","ten":"Cung cấp và lắp đặt Nắp hố ga khung dương gang cầu KT890x890x70mm D650mm, tải trọng 25T","don_vi":"cái","khoi_luong_hd":2.0,"don_gia_hd":4031295.0},{"stt":"3.24.13","ten":"Quét nhựa bitum thành ngoài hố ga (2 lớp)","don_vi":"m2","khoi_luong_hd":114.944,"don_gia_hd":19920.0},{"stt":"3.25.1","ten":"Đóng cọc tre, chiều dài cọc <= 2,5m","don_vi":"100m","khoi_luong_hd":20.4008,"don_gia_hd":735700.0},{"stt":"3.25.2","ten":"Thi công lớp đá dăm đệm móng","don_vi":"m3","khoi_luong_hd":5.1003,"don_gia_hd":893281.0},{"stt":"3.25.3","ten":"Xây đá hộc, xây móng, chiều dày > 60cm, vữa XM mác 100","don_vi":"m3","khoi_luong_hd":22.6827,"don_gia_hd":1510302.0},{"stt":"3.25.4","ten":"Xây đá hộc, xây tường thẳng, chiều dày <= 60cm, vữa XM mác 100","don_vi":"m3","khoi_luong_hd":14.1931,"don_gia_hd":1625498.0},{"stt":"3.26.1","ten":"Thi công cừ larsen","don_vi":"100m","khoi_luong_hd":14.52,"don_gia_hd":26471424.0},{"stt":"3.27.1","ten":"Phá dỡ lớp mặt đường bê tông nhựa","don_vi":"m3","khoi_luong_hd":18.6,"don_gia_hd":304551.0},{"stt":"3.27.2","ten":"Rải thảm mặt đường bê tông nhựa hạt mịn C9.5, chiều dày mặt đường đã lèn ép 5 cm","don_vi":"100m2","khoi_luong_hd":0.3,"don_gia_hd":19437333.0},{"stt":"3.27.3","ten":"Tưới lớp dính bám mặt đường, lượng nhựa 0,5 kg\/m2","don_vi":"100m2","khoi_luong_hd":0.3,"don_gia_hd":1759044.0},{"stt":"3.27.4","ten":"Rải thảm mặt đường bê tông nhựa hạt trung C12.5, chiều dày mặt đường đã lèn ép 7 cm","don_vi":"100m2","khoi_luong_hd":0.3,"don_gia_hd":26184702.0},{"stt":"3.27.5","ten":"Tưới lớp dính bám mặt đường, lượng nhựa 1,5 kg\/m2","don_vi":"100m2","khoi_luong_hd":0.3,"don_gia_hd":4267249.0},{"stt":"3.27.6","ten":"Thi công móng cấp phối đá dăm lớp trên","don_vi":"100m3","khoi_luong_hd":0.06,"don_gia_hd":49651720.0},{"stt":"3.27.7","ten":"Thi công móng cấp phối đá dăm lớp dưới","don_vi":"100m3","khoi_luong_hd":0.09,"don_gia_hd":49497671.0},{"stt":"3.27.8","ten":"Đắp đất nền đường, độ chặt yêu cầu K=0,98","don_vi":"100m3","khoi_luong_hd":0.09,"don_gia_hd":1688290.0},{"stt":"3.28.1","ten":"Phá dỡ kết cấu nền gạch hiện trạng","don_vi":"m3","khoi_luong_hd":73.2,"don_gia_hd":100229.0},{"stt":"3.28.2","ten":"Lát gạch vỉa hè gạch block tự chèn, chiều dày 5,5cm","don_vi":"m2","khoi_luong_hd":488.0,"don_gia_hd":161509.0},{"stt":"3.28.3","ten":"Đắp cát công trình, độ chặt yêu cầu K=0,90","don_vi":"100m3","khoi_luong_hd":0.488,"don_gia_hd":27559474.0},{"stt":"3.28.4","ten":"Đào xúc phế thải lên phương tiện vận chuyển và vận chuyển đổ thải","don_vi":"100m3","khoi_luong_hd":0.732,"don_gia_hd":20432201.0},{"stt":"3.28.5","ten":"Cung cấp và lắp đặt Bơm chìm nước thải có cánh cắt rác. Q= 65 m3\/h, H= 14 m","don_vi":"1 máy","khoi_luong_hd":2.0,"don_gia_hd":51504810.0},{"stt":"3.28.6","ten":"Cung cấp và lắp đặt cửa phai D400 INOX 304","don_vi":"tấn","khoi_luong_hd":0.2,"don_gia_hd":85497720.0},{"stt":"3.29.1","ten":"Đào móng đường ống bằng máy, đất cấp II","don_vi":"100m3","khoi_luong_hd":70.6822,"don_gia_hd":2777717.0},{"stt":"3.29.2","ten":"Đào đường ống bằng thủ công, đất cấp II","don_vi":"m3","khoi_luong_hd":372.0115,"don_gia_hd":271485.0},{"stt":"3.29.3","ten":"Đắp đất công trình, độ chặt yêu cầu K=0,90 (tận dụng đất đào)","don_vi":"100m3","khoi_luong_hd":38.3138,"don_gia_hd":3871182.0},{"stt":"3.29.4","ten":"Đắp cát công trình, độ chặt yêu cầu K=0,90 (cát mua mới )","don_vi":"100m3","khoi_luong_hd":28.4803,"don_gia_hd":27559474.0},{"stt":"3.29.5","ten":"Vận chuyển đất trong phạm vi <= 500m","don_vi":"100m3","khoi_luong_hd":32.3684,"don_gia_hd":1397562.0},{"stt":"3.29.6","ten":"Thi công Cống BTCT D300- chịu tải HL93","don_vi":"md","khoi_luong_hd":98.0,"don_gia_hd":477325.0},{"stt":"3.29.7","ten":"Thi công Cống BTCT D300- chịu tải VH","don_vi":"md","khoi_luong_hd":2573.0,"don_gia_hd":477859.0},{"stt":"3.29.8","ten":"Đế Thi công Cống BTCT D300","don_vi":"cái","khoi_luong_hd":3204.0,"don_gia_hd":83752.0},{"stt":"3.29.9","ten":"Lắp đặt đế cống D300","don_vi":"cái","khoi_luong_hd":3204.0,"don_gia_hd":39748.0},{"stt":"3.29.10","ten":"Cung cấp và lắp đặt ống nhựa HDPE DN200 PN10","don_vi":"100m","khoi_luong_hd":3.83,"don_gia_hd":62257528.0},{"stt":"3.29.11","ten":"Cung cấp và lắp đặt Ống thép đen D300 dày 4.57 mm","don_vi":"100m","khoi_luong_hd":0.21,"don_gia_hd":146330007.0},{"stt":"3.29.12","ten":"Thi công lớp đá đệm móng","don_vi":"100m3","khoi_luong_hd":1.7854,"don_gia_hd":89328149.0},{"stt":"3.29.13","ten":"Cát đệm đầm chặt móng ống yêu cầu K=0,95","don_vi":"100m3","khoi_luong_hd":1.5158,"don_gia_hd":27666337.0},{"stt":"3.29.14","ten":"Quét nhựa bitum nóng xung quanh thân cống, 2 lớp","don_vi":"m2","khoi_luong_hd":3354.776,"don_gia_hd":76510.0},{"stt":"3.30.1","ten":"Đào móng hố ga, đất cấp II (tạm tính đào máy 95%)","don_vi":"100m3","khoi_luong_hd":0.2837,"don_gia_hd":2346048.0},{"stt":"3.30.2","ten":"Đào móng hố ga, đất cấp II (tạm tính đào thủ công 5%)","don_vi":"m3","khoi_luong_hd":1.493,"don_gia_hd":340174.0},{"stt":"3.30.3","ten":"Đắp đất công trình, độ chặt yêu cầu K=0,90 (tận dụng đất đào)","don_vi":"100m3","khoi_luong_hd":0.1866,"don_gia_hd":3871182.0},{"stt":"3.30.4","ten":"Vận chuyển đất trong phạm vi <= 500m","don_vi":"100m3","khoi_luong_hd":0.112,"don_gia_hd":1397562.0},{"stt":"3.30.5","ten":"Đá dăm 2x4 đệm đáy hố ga","don_vi":"m3","khoi_luong_hd":1.536,"don_gia_hd":893281.0},{"stt":"3.30.6","ten":"Đắp cát vàng đầm chặt đáy ga công trình, độ chặt yêu cầu K=0,95","don_vi":"100m3","khoi_luong_hd":0.0154,"don_gia_hd":70740355.0},{"stt":"3.30.7","ten":"Bê tông hố van, hố ga, đá 1x2, mác 250","don_vi":"m3","khoi_luong_hd":6.5813,"don_gia_hd":8782383.0},{"stt":"3.30.8","ten":"Bê tông tấm đan, mái hắt, lanh tô, đá 1x2, mác 250","don_vi":"m3","khoi_luong_hd":1.7393,"don_gia_hd":2014751.0},{"stt":"3.30.9","ten":"Đổ bê tông xi măng tạo dốc, lót lòng hố ga bằng máy trộn, đá 2x4, mác 100","don_vi":"m3","khoi_luong_hd":0.6,"don_gia_hd":1321111.0},{"stt":"3.30.10","ten":"Công tác gia công, lắp đặt cốt thép bê tông đúc sẵn. Cốt thép tấm đan","don_vi":"tấn","khoi_luong_hd":0.0437,"don_gia_hd":23031837.0},{"stt":"3.30.11","ten":"Lắp các loại cấu kiện bê tông đúc sẵn, trọng lượng <= 50kg","don_vi":"1 cấu kiện","khoi_luong_hd":1.0,"don_gia_hd":23044.0},{"stt":"3.30.12","ten":"Công tác gia công lắp dựng cốt thép. Cốt thép hố ga, đường kính cốt thép <= 10mm","don_vi":"tấn","khoi_luong_hd":0.1455,"don_gia_hd":20807177.0},{"stt":"3.30.13","ten":"Công tác gia công lắp dựng thang sắt. Cốt thép thang sắt, đường kính cốt thép > 18mm","don_vi":"tấn","khoi_luong_hd":0.003,"don_gia_hd":20182868.0},{"stt":"3.30.14","ten":"Sơn thang thép bằng sơn các loại, 2 nước lót, 1 nước phủ","don_vi":"m2","khoi_luong_hd":1.0852,"don_gia_hd":54394.0},{"stt":"3.30.15","ten":"Nắp hố ga gang 890x890x70mm, tải trọng: 25T (bao gồm hệ khung đỡ)","don_vi":"Cái","khoi_luong_hd":6.0,"don_gia_hd":3994594.0},{"stt":"3.30.16","ten":"Trát lòng hố ga, chiều dày trát 1,5cm, vữa XM mác 75","don_vi":"m2","khoi_luong_hd":16.0464,"don_gia_hd":86740.0},{"stt":"3.30.17","ten":"Chèn vữa xi măng M100 cho vị trí nối cống D300","don_vi":"mối nối","khoi_luong_hd":6.0,"don_gia_hd":31498.0},{"stt":"3.31.1","ten":"Đào móng hố ga, đất cấp II (tạm tính đào máy 95%)","don_vi":"100m3","khoi_luong_hd":6.351,"don_gia_hd":2346048.0},{"stt":"3.31.2","ten":"Đào móng hố ga, đất cấp II (tạm tính đào thủ công 5%)","don_vi":"m3","khoi_luong_hd":33.4265,"don_gia_hd":340174.0},{"stt":"3.31.3","ten":"Đắp đất công trình, độ chặt yêu cầu K=0,90 ( tận dụng đất đào)","don_vi":"100m3","khoi_luong_hd":4.5327,"don_gia_hd":3871182.0},{"stt":"3.31.4","ten":"Vận chuyển đất trong phạm vi <= 500m","don_vi":"100m3","khoi_luong_hd":2.1526,"don_gia_hd":1397562.0},{"stt":"3.31.5","ten":"Đá dăm 2x4 đệm đáy hố ga","don_vi":"m3","khoi_luong_hd":22.016,"don_gia_hd":893281.0},{"stt":"3.31.6","ten":"Đắp cát vàng đầm chặt đáy ga, độ chặt yêu cầu K=0,95","don_vi":"100m3","khoi_luong_hd":0.2202,"don_gia_hd":70740355.0},{"stt":"3.31.7","ten":"Bê tông hố van, hố ga, đá 1x2, mác 250","don_vi":"m3","khoi_luong_hd":155.7426,"don_gia_hd":3197855.0},{"stt":"3.31.8","ten":"Bê tông tấm đan, mái hắt, lanh tô, đá 1x2, mác 250","don_vi":"m3","khoi_luong_hd":24.9293,"don_gia_hd":2015814.0},{"stt":"3.31.9","ten":"Đổ bê tông xi măng tạo dốc, lót lòng hố ga, đá 2x4, mác 100","don_vi":"m3","khoi_luong_hd":8.6,"don_gia_hd":1321111.0},{"stt":"3.31.10","ten":"Công tác gia công, lắp đặt cốt thép bê tông đúc sẵn. Cốt thép tấm đan","don_vi":"tấn","khoi_luong_hd":0.0437,"don_gia_hd":23031837.0},{"stt":"3.31.11","ten":"Lắp các loại cấu kiện bê tông đúc sẵn, trọng lượng <= 50kg","don_vi":"1 cấu kiện","khoi_luong_hd":1.0,"don_gia_hd":23044.0},{"stt":"3.31.12","ten":"Công tác gia công lắp dựng cốt thép. Cốt thép hố ga, đường kính cốt thép <= 10mm","don_vi":"tấn","khoi_luong_hd":0.2375,"don_gia_hd":20807177.0},{"stt":"3.31.13","ten":"Công tác gia công lắp dựng thang sắt. Cốt thép thang sắt, đường kính cốt thép > 18mm","don_vi":"tấn","khoi_luong_hd":0.0089,"don_gia_hd":20182868.0},{"stt":"3.31.14","ten":"Sơn thang thép bằng sơn các loại, 2 nước lót, 1 nước phủ","don_vi":"m2","khoi_luong_hd":15.5543,"don_gia_hd":54394.0},{"stt":"3.31.15","ten":"Nắp hố ga gang 890x890x70mm, tải trọng: 25T (bao gồm hệ khung đỡ)","don_vi":"Cái","khoi_luong_hd":86.0,"don_gia_hd":3994594.0},{"stt":"3.31.16","ten":"Trát lòng hố ga, chiều dày trát 1,5cm, vữa XM mác 75","don_vi":"m2","khoi_luong_hd":219.1968,"don_gia_hd":86740.0},{"stt":"3.31.17","ten":"Chèn vữa xi măng M100 cho vị trí nối cống D300","don_vi":"mối nối","khoi_luong_hd":86.0,"don_gia_hd":31498.0},{"stt":"3.32.1","ten":"Đào móng hố ga, bằng máy, đất cấp II (tạm tính đào máy 95%)","don_vi":"100m3","khoi_luong_hd":0.1033,"don_gia_hd":2346048.0},{"stt":"3.32.2","ten":"Đào móng hố ga, đất cấp II (tạm tính đào thủ công 5%)","don_vi":"m3","khoi_luong_hd":0.5435,"don_gia_hd":340174.0},{"stt":"3.32.3","ten":"Đắp đất công trình, độ chặt yêu cầu K=0,90 (tận dụng đất đào)","don_vi":"100m3","khoi_luong_hd":0.0757,"don_gia_hd":3871182.0},{"stt":"3.32.4","ten":"Vận chuyển đất trong phạm vi <= 500m, đất cấp II","don_vi":"100m3","khoi_luong_hd":0.033,"don_gia_hd":1397562.0},{"stt":"3.32.5","ten":"Đá dăm 2x4 đệm đáy hố ga","don_vi":"m3","khoi_luong_hd":0.256,"don_gia_hd":893281.0},{"stt":"3.32.6","ten":"Đắp cát vàng đầm chặt đáy ga, độ chặt yêu cầu K=0,95","don_vi":"100m3","khoi_luong_hd":0.0026,"don_gia_hd":70740355.0},{"stt":"3.32.7","ten":"Bê tông hố van, hố ga, đá 1x2, mác 250","don_vi":"m3","khoi_luong_hd":2.0798,"don_gia_hd":3223981.0},{"stt":"3.32.8","ten":"Bê tông tấm đan, mái hắt, lanh tô, đá 1x2, mác 250","don_vi":"m3","khoi_luong_hd":0.2899,"don_gia_hd":2026109.0},{"stt":"3.32.9","ten":"Đổ bê tông xi măng tạo dốc, lót lòng hố ga, đá 2x4, mác 100","don_vi":"m3","khoi_luong_hd":0.1,"don_gia_hd":1321111.0},{"stt":"3.32.10","ten":"Công tác gia công, lắp đặt cốt thép bê tông đúc sẵn. Cốt thép tấm đan","don_vi":"tấn","khoi_luong_hd":0.0437,"don_gia_hd":23031837.0},{"stt":"3.32.11","ten":"Lắp các loại cấu kiện bê tông đúc sẵn, trọng lượng <= 50kg","don_vi":"1 cấu kiện","khoi_luong_hd":1.0,"don_gia_hd":23044.0},{"stt":"3.32.12","ten":"Công tác gia công lắp dựng cốt thép. Cốt thép hố ga, đường kính cốt thép <= 10mm","don_vi":"tấn","khoi_luong_hd":0.2606,"don_gia_hd":20807177.0},{"stt":"3.32.13","ten":"Công tác gia công lắp dựng thang sắt. Cốt thép thang sắt, đường kính cốt thép > 18mm","don_vi":"tấn","khoi_luong_hd":0.0118,"don_gia_hd":20182868.0},{"stt":"3.32.14","ten":"Sơn thang thép bằng sơn các loại, 2 nước lót, 1 nước phủ","don_vi":"m2","khoi_luong_hd":0.1809,"don_gia_hd":54394.0},{"stt":"3.32.15","ten":"Nắp hố ga gang 890x890x70mm, tải trọng: 25T (bao gồm hệ khung đỡ)","don_vi":"Cái","khoi_luong_hd":1.0,"don_gia_hd":3994594.0},{"stt":"3.32.16","ten":"Trát lòng hố ga, chiều dày trát 1,5cm, vữa XM mác 75","don_vi":"m2","khoi_luong_hd":2.5488,"don_gia_hd":86740.0},{"stt":"3.32.17","ten":"Chèn vữa xi măng M100 cho vị trí nối cống D300","don_vi":"mối nối","khoi_luong_hd":1.0,"don_gia_hd":31498.0},{"stt":"3.33.1","ten":"Đào móng hố ga, bằng máy, đất cấp II (tạm tính đào máy 95%)","don_vi":"100m3","khoi_luong_hd":0.2818,"don_gia_hd":2346048.0},{"stt":"3.33.2","ten":"Đào móng hố ga, đất cấp II (tạm tính đào thủ công 5%)","don_vi":"m3","khoi_luong_hd":1.483,"don_gia_hd":340174.0},{"stt":"3.33.3","ten":"Đắp đất công trình, độ chặt yêu cầu K=0,90 ( tận dụng đất đào)","don_vi":"100m3","khoi_luong_hd":0.1987,"don_gia_hd":3871182.0},{"stt":"3.33.4","ten":"Vận chuyển đất trong phạm vi <= 500m, đất cấp II","don_vi":"100m3","khoi_luong_hd":0.0979,"don_gia_hd":1397562.0},{"stt":"3.33.5","ten":"Đá dăm 2x4 đệm đáy hố ga","don_vi":"m3","khoi_luong_hd":1.024,"don_gia_hd":893281.0},{"stt":"3.33.6","ten":"Đắp cát vàng đầm chặt đáy ga, độ chặt yêu cầu K=0,95","don_vi":"100m3","khoi_luong_hd":0.0102,"don_gia_hd":70740355.0},{"stt":"3.33.7","ten":"Bê tông hố van, hố ga, đá 1x2, mác 250","don_vi":"m3","khoi_luong_hd":11.7898,"don_gia_hd":3284636.0},{"stt":"3.33.8","ten":"Bê tông tấm đan, mái hắt, lanh tô, đá 1x2, mác 250","don_vi":"m3","khoi_luong_hd":1.1595,"don_gia_hd":2660583.0},{"stt":"3.33.9","ten":"Đổ bê tông xi măng tạo dốc, lót lòng hố ga, đá 2x4, mác 100","don_vi":"m3","khoi_luong_hd":0.4,"don_gia_hd":1321111.0},{"stt":"3.33.10","ten":"Công tác gia công, lắp đặt cốt thép bê tông đúc sẵn. Cốt thép tấm đan","don_vi":"tấn","khoi_luong_hd":0.0437,"don_gia_hd":23031837.0},{"stt":"3.33.11","ten":"Lắp các loại cấu kiện bê tông đúc sẵn, trọng lượng <= 50kg","don_vi":"1 cấu kiện","khoi_luong_hd":1.0,"don_gia_hd":23044.0},{"stt":"3.33.12","ten":"Công tác gia công lắp dựng cốt thép. Cốt thép hố ga, đường kính cốt thép <= 10mm","don_vi":"tấn","khoi_luong_hd":0.3602,"don_gia_hd":20807177.0},{"stt":"3.33.13","ten":"Công tác gia công lắp dựng thang sắt. Cốt thép thang sắt, đường kính cốt thép > 18mm","don_vi":"tấn","khoi_luong_hd":0.0207,"don_gia_hd":20182868.0},{"stt":"3.33.14","ten":"Sơn thang thép bằng sơn các loại, 2 nước lót, 1 nước phủ","don_vi":"m2","khoi_luong_hd":0.7235,"don_gia_hd":54394.0},{"stt":"3.33.15","ten":"Nắp hố ga gang 890x890x70mm, tải trọng: 25T (bao gồm hệ khung đỡ)","don_vi":"Cái","khoi_luong_hd":4.0,"don_gia_hd":3994594.0},{"stt":"3.33.16","ten":"Trát lòng hố ga, chiều dày trát 1,5cm, vữa XM mác 75","don_vi":"m2","khoi_luong_hd":9.6928,"don_gia_hd":86740.0},{"stt":"3.33.17","ten":"Chèn vữa xi măng M100 cho vị trí nối cống D300","don_vi":"mối nối","khoi_luong_hd":4.0,"don_gia_hd":31498.0},{"stt":"3.34.1","ten":"Đào móng hố ga, bằng máy, đất cấp II (tạm tính đào máy 95%)","don_vi":"100m3","khoi_luong_hd":0.02,"don_gia_hd":2346048.0},{"stt":"3.34.2","ten":"Đào móng hố ga, đất cấp II (tạm tính đào thủ công 5%)","don_vi":"m3","khoi_luong_hd":0.105,"don_gia_hd":340174.0},{"stt":"3.34.3","ten":"Đắp đất công trình, độ chặt yêu cầu K=0,90 (tận dụng đất đào)","don_vi":"100m3","khoi_luong_hd":0.01,"don_gia_hd":3871182.0},{"stt":"3.34.4","ten":"Vận chuyển đất trong phạm vi <= 500m.","don_vi":"100m3","khoi_luong_hd":0.0111,"don_gia_hd":1397562.0},{"stt":"3.34.5","ten":"Đá dăm 2x4 đệm đáy hố ga","don_vi":"m3","khoi_luong_hd":0.304,"don_gia_hd":893281.0},{"stt":"3.34.6","ten":"Đắp cát vàng đầm chặt đáy ga, độ chặt yêu cầu K=0,95","don_vi":"100m3","khoi_luong_hd":0.003,"don_gia_hd":70740355.0},{"stt":"3.34.7","ten":"Bê tông hố van, hố ga, đá 1x2, mác 250","don_vi":"m3","khoi_luong_hd":2.5726,"don_gia_hd":3110394.0},{"stt":"3.34.8","ten":"Bê tông tấm đan, mái hắt, lanh tô, đá 1x2, mác 250","don_vi":"m3","khoi_luong_hd":0.3529,"don_gia_hd":2017594.0},{"stt":"3.34.9","ten":"Đổ bê tông xi măng tạo dốc, lót lòng hố ga, đá 2x4, mác 100, PCB30","don_vi":"m3","khoi_luong_hd":0.1,"don_gia_hd":1321111.0},{"stt":"3.34.10","ten":"Công tác gia công, lắp đặt cốt thép bê tông đúc sẵn. Cốt thép tấm đan","don_vi":"tấn","khoi_luong_hd":0.0526,"don_gia_hd":23031837.0},{"stt":"3.34.11","ten":"Lắp các loại cấu kiện bê tông đúc sẵn, trọng lượng <= 75kg","don_vi":"1 cấu kiện","khoi_luong_hd":1.0,"don_gia_hd":32920.0},{"stt":"3.34.12","ten":"Công tác gia công lắp dựng cốt thép. Cốt thép hố ga, đường kính cốt thép <= 10mm","don_vi":"tấn","khoi_luong_hd":0.3291,"don_gia_hd":20807177.0},{"stt":"3.34.13","ten":"Công tác gia công lắp dựng thang sắt. Cốt thép thang sắt, đường kính cốt thép > 18mm","don_vi":"tấn","khoi_luong_hd":0.0178,"don_gia_hd":20182868.0},{"stt":"3.34.14","ten":"Sơn thang thép bằng sơn các loại, 2 nước lót, 1 nước phủ","don_vi":"m2","khoi_luong_hd":0.1809,"don_gia_hd":54394.0},{"stt":"3.34.15","ten":"Nắp hố ga gang 890x890x70mm, tải trọng: 25T (bao gồm hệ khung đỡ)","don_vi":"Cái","khoi_luong_hd":1.0,"don_gia_hd":3994594.0},{"stt":"3.34.16","ten":"Trát lòng hố ga, chiều dày trát 1,5cm, vữa XM mác 75","don_vi":"m2","khoi_luong_hd":1.4027,"don_gia_hd":86740.0},{"stt":"3.34.17","ten":"Chèn vữa xi măng M100 cho vị trí nối cống D300","don_vi":"mối nối","khoi_luong_hd":1.0,"don_gia_hd":31498.0},{"stt":"3.34.18","ten":"Chèn vữa xi măng M100 cho vị trí nối cống D750","don_vi":"mối nối","khoi_luong_hd":2.0,"don_gia_hd":73346.0},{"stt":"3.35.1","ten":"Đào móng trạm bơm bằng máy, đất cấp II (tạm tính 95%)","don_vi":"100m3","khoi_luong_hd":1.8966,"don_gia_hd":2345654.0},{"stt":"3.35.2","ten":"Đào đất móng trạm bơm bằng thủ công, đất cấp II (tạm tính 5%)","don_vi":"m3","khoi_luong_hd":9.982,"don_gia_hd":340174.0},{"stt":"3.35.3","ten":"Đắp nền trạm bơm, độ chặt yêu cầu K=0,90 (vận dụng đất từ hạng mục khác của dự án)","don_vi":"100m3","khoi_luong_hd":3.0048,"don_gia_hd":3871182.0},{"stt":"3.35.4","ten":"Thi công lớp đá đệm móng","don_vi":"m3","khoi_luong_hd":15.768,"don_gia_hd":893281.0},{"stt":"3.35.5","ten":"Đắp đá dăm đệm công trình, độ chặt yêu cầu K=0,95","don_vi":"100m3","khoi_luong_hd":0.1577,"don_gia_hd":4458623.0},{"stt":"3.35.6","ten":"Bê tông lót móng, đá 4x6, mác 100","don_vi":"m3","khoi_luong_hd":3.45,"don_gia_hd":1261855.0},{"stt":"3.35.7","ten":"Bê tông trạm bơm đá 1x2, mác 250","don_vi":"m3","khoi_luong_hd":57.6298,"don_gia_hd":2562863.0},{"stt":"3.35.8","ten":"Bê tông lòng trạm bơm, đá 1x2, mác 200","don_vi":"m3","khoi_luong_hd":1.8216,"don_gia_hd":1521457.0},{"stt":"3.35.9","ten":"Công tác gia công lắp dựng cốt thép. Cốt thép trạm bơm, đường kính cốt thép <= 10mm","don_vi":"tấn","khoi_luong_hd":0.7498,"don_gia_hd":20807177.0},{"stt":"3.35.10","ten":"Công tác gia công lắp dựng cốt thép. Cốt thép trạm bơm, đường kính cốt thép <= 18mm","don_vi":"tấn","khoi_luong_hd":4.024,"don_gia_hd":20930697.0},{"stt":"3.35.11","ten":"Bê tông hố van, đá 1x2, mác 200","don_vi":"m3","khoi_luong_hd":95.8437,"don_gia_hd":1639471.0},{"stt":"3.35.12","ten":"Bê tông trụ đỡ bằng đá 1x2, mác 150 (gồm cả ván khuôn, lắp dựng bê tông đỡ van)","don_vi":"m3","khoi_luong_hd":0.0106,"don_gia_hd":8539168.0},{"stt":"3.35.13","ten":"Nắp hố ga gang cầu 1050x1350x80mm tải trọng 12,5kN (bao gồm hệ khung đỡ)","don_vi":"Cái","khoi_luong_hd":2.0,"don_gia_hd":7452975.0},{"stt":"3.35.14","ten":"Nắp hố ga gang cầu 830x1130x80mm tải trọng 12,5kN (bao gồm hệ khung đỡ)","don_vi":"Cái","khoi_luong_hd":5.0,"don_gia_hd":5289582.0},{"stt":"3.35.15","ten":"Trát thành trạm bơm, chiều dày trát 1,5cm, vữa XM mác 75","don_vi":"m2","khoi_luong_hd":146.718,"don_gia_hd":86740.0},{"stt":"3.35.16","ten":"Chèn vữa xi măng cát vàng M200 nối ống D300","don_vi":"m3","khoi_luong_hd":0.0141,"don_gia_hd":1321111.0},{"stt":"3.36.1","ten":"Van cửa nối bích D150","don_vi":"cái","khoi_luong_hd":2.0,"don_gia_hd":5639686.0},{"stt":"3.36.2","ten":"Van 1 chiều nối bích D150","don_vi":"cái","khoi_luong_hd":2.0,"don_gia_hd":4133814.0},{"stt":"3.36.3","ten":"Lắp dựng cấu kiện thép không gỉ các loại","don_vi":"tấn","khoi_luong_hd":0.0572,"don_gia_hd":5990537.0},{"stt":"3.36.4","ten":"Gia công cấu kiện thép không gỉ các loại","don_vi":"tấn","khoi_luong_hd":0.0572,"don_gia_hd":24099122.0},{"stt":"3.36.5","ten":"Bích inox D150","don_vi":"cặp bích","khoi_luong_hd":8.0,"don_gia_hd":806551.0},{"stt":"3.36.6","ten":"Bích inox D200","don_vi":"cặp bích","khoi_luong_hd":2.0,"don_gia_hd":1055724.0},{"stt":"3.36.7","ten":"Bích inox đặc D200","don_vi":"cặp bích","khoi_luong_hd":1.0,"don_gia_hd":1748079.0},{"stt":"3.36.8","ten":"Tê thép không gỉ D150x200","don_vi":"cái","khoi_luong_hd":2.0,"don_gia_hd":2954815.0},{"stt":"3.36.9","ten":"Ống thép không gỉ D150 dày 3.4mm","don_vi":"100m","khoi_luong_hd":0.1,"don_gia_hd":139612704.0},{"stt":"3.36.10","ten":"Ống thép không gỉ D200 dày 4.57mm","don_vi":"100m","khoi_luong_hd":0.03,"don_gia_hd":196854893.0},{"stt":"3.36.11","ten":"Bulong neo inox D18","don_vi":"cái","khoi_luong_hd":16.0,"don_gia_hd":14513.0},{"stt":"3.36.12","ten":"Bulong neo inox D12","don_vi":"cái","khoi_luong_hd":144.0,"don_gia_hd":6450.0},{"stt":"3.36.13","ten":"Cút thép nối bích D150","don_vi":"cái","khoi_luong_hd":6.0,"don_gia_hd":613500.0},{"stt":"3.36.14","ten":"Nối ống đầu bích D300","don_vi":"mối nối","khoi_luong_hd":2.0,"don_gia_hd":7554453.0},{"stt":"3.36.15","ten":"Mối nối mềm D150","don_vi":"cái","khoi_luong_hd":2.0,"don_gia_hd":5424120.0},{"stt":"3.37.1","ten":"Phá dỡ kết cấu nền gạch hiện trạng","don_vi":"m3","khoi_luong_hd":33.48,"don_gia_hd":100229.0},{"stt":"3.37.2","ten":"Lát gạch vỉa hè gạch block tự chèn, chiều dày 6cm","don_vi":"m2","khoi_luong_hd":223.2,"don_gia_hd":161509.0},{"stt":"3.37.3","ten":"Đắp cát công trình, độ chặt yêu cầu K=0,90","don_vi":"100m3","khoi_luong_hd":0.2232,"don_gia_hd":27559474.0},{"stt":"3.37.4","ten":"Đào xúc phế thải lên phương tiện vận chuyển và vận chuyển phế thải","don_vi":"100m3","khoi_luong_hd":0.3348,"don_gia_hd":20432201.0},{"stt":"3.38.1","ten":"Phá dỡ mặt đường bê tông nhựa","don_vi":"m3","khoi_luong_hd":60.48,"don_gia_hd":100229.0},{"stt":"3.38.2","ten":"Đào xúc phế thải lên phương tiện vận chuyển và vận chuyển phế thải","don_vi":"100m3","khoi_luong_hd":0.6048,"don_gia_hd":20432201.0},{"stt":"3.38.3","ten":"Rải thảm mặt đường bê tông nhựa hạt mịn C9.5, chiều dày mặt đường đã lèn ép 5 cm","don_vi":"100m2","khoi_luong_hd":0.378,"don_gia_hd":19437333.0},{"stt":"3.38.4","ten":"Tưới nhựa thấm bám mặt đường, lượng nhựa 0,5 kg\/m2","don_vi":"100m2","khoi_luong_hd":0.378,"don_gia_hd":1759044.0},{"stt":"3.38.5","ten":"Rải thảm mặt đường bê tông nhựa hạt trung C12.5, chiều dày mặt đường đã lèn ép 7 cm","don_vi":"100m2","khoi_luong_hd":0.378,"don_gia_hd":26184702.0},{"stt":"3.38.6","ten":"Tưới lớp dính bám mặt đường, lượng nhựa 1,5 kg\/m2","don_vi":"100m2","khoi_luong_hd":0.378,"don_gia_hd":4267249.0},{"stt":"3.38.7","ten":"Thi công móng cấp phối đá dăm lớp trên dày 15cm","don_vi":"100m3","khoi_luong_hd":0.0567,"don_gia_hd":49651720.0},{"stt":"3.38.8","ten":"Thi công móng cấp phối đá dăm lớp dưới dày 25cm","don_vi":"100m3","khoi_luong_hd":0.0945,"don_gia_hd":49497671.0},{"stt":"3.38.9","ten":"Đắp đất nền đường, độ chặt yêu cầu K=0,98","don_vi":"100m3","khoi_luong_hd":0.1134,"don_gia_hd":1688290.0}]